NUMPOINTS,X,Y
222,-16303.40177,7229754.189262568
304,-16438.49177,7230058.269262568
124,-15749.04177,7229877.819262568
203,-15692.82177,7229733.699262569
1747,-15714.85177,7229896.669262568
1579,-15715.34177,7229895.179262568
826,-15696.62177,7229905.659262569
339,-15905.49177,7229853.429262568
464,-15696.79177,7229895.859262568
1275,-15749.40177,7229875.179262568
417,-15789.06177,7229755.399262568
578,-15718.09177,7229896.349262568
1186,-15717.98177,7229895.849262568
284,-15750.67177,7229877.679262568
1163,-15718.06177,7229895.929262568
219,-15752.43177,7229882.239262569
344,-15691.11177,7229660.709262568
741,-16160.89177,7229737.559262568
986,-15606.88177,7229774.759262568
296,-15822.88177,7229774.549262568
683,-15718.04177,7229896.049262568
1451,-16034.21177,7229945.379262568
1068,-15949.56177,7229749.849262568
583,-15718.12177,7229895.909262569
2437,-15718.29177,7229895.299262568
498,-15750.18177,7229875.599262568
200,-15718.12177,7229895.819262568
208,-15718.06177,7229895.349262568
4021,-15717.78177,7229897.449262569
1069,-16158.82177,7229716.009262568
250,-16050.01177,7229753.709262568
267,-16046.04177,7229754.679262568
2938,-15717.68177,7229895.709262568
817,-15698.29177,7229880.969262568
898,-15719.97177,7229873.429262568
183,-15506.78177,7229625.509262568
2080,-15715.70177,7229896.029262569
371,-16133.15177,7229770.929262568
16,-15629.29177,7229812.519262568
23,-15627.48177,7229807.129262568
239,-15467.04177,7230082.819262568
67,-15629.34177,7229809.459262568
347,-15717.65177,7229895.769262568
29,-15563.95177,7229886.849262568
1282,-15671.47177,7230113.339262568
28,-15576.62177,7229876.549262568
1442,-15714.95177,7229896.159262569
1443,-15703.79177,7229825.279262569
385,-15759.90177,7229876.609262568
155,-15932.83177,7229743.039262569
10988,-16337.55177,7230021.339262568
631,-16160.52177,7229736.779262569
127,-16110.50177,7229733.029262569
635,-15750.78177,7229877.009262568
176,-15519.55177,7229713.329262569
197,-15523.98177,7229727.709262568
112,-16146.15177,7229725.239262569
221,-15753.89177,7229881.679262568
4807,-15798.72177,7229754.929262568
145,-15530.17177,7229662.239262569
105,-15541.50177,7229656.009262568
3037,-15751.94177,7229879.499262569
154,-16114.85177,7229735.879262568
146,-15524.49177,7229728.619262569
196,-15503.95177,7229728.259262568
125,-15508.43177,7229650.379262568
145,-15508.10177,7229673.219262568
963,-15956.59177,7229967.799262568
493,-15804.15177,7229796.739262569
334,-15804.65177,7229797.069262568
104,-15496.41177,7229669.809262568
61,-15494.26177,7229671.349262568
169,-15839.38177,7229828.439262568
149,-15480.93177,7229732.499262569
120,-15496.05177,7229673.999262569
124,-15509.39177,7229673.749262569
379,-15953.54177,7229741.019262568
318,-15943.77177,7229663.049262568
1413,-16030.14177,7229634.139262568
354,-16022.52177,7229667.449262569
97,-15948.68177,7230051.549262568
91,-15949.07177,7230041.049262568
94,-15949.40177,7229734.159262569
1331,-15943.23177,7229757.199262569
79,-15831.31177,7229619.269262568
429,-15755.34177,7229878.409262569
877,-15748.81177,7229877.769262568
314,-15752.05177,7229878.579262569
123,-16243.48177,7229922.879262568
96,-15930.70177,7229744.879262568
293,-15754.37177,7229880.769262568
302,-15754.54177,7229878.679262568
106,-16339.68177,7230014.609262568
877,-15722.33177,7229889.849262568
398,-15750.97177,7229876.899262568
262,-16227.68177,7229700.489262569
802,-15724.26177,7229887.709262568
939,-15704.34177,7229822.069262568
940,-15704.20177,7229822.159262569
1136,-15703.73177,7229823.239262569
535,-15659.46177,7229812.919262568
581,-15724.58177,7229893.519262568
989,-15715.70177,7229895.829262569
119,-16187.85177,7229722.969262568
143,-16227.90177,7229728.909262569
123,-16236.06177,7229728.309262568
138,-16237.88177,7229734.519262568
89,-16188.88177,7229726.929262568
1364,-16546.30177,7229610.079262569
472,-15761.94177,7229883.219262568
91,-16229.65177,7229733.069262568
114,-15878.26177,7229746.909262569
54554,-16156.88177,7229716.479262568
174,-15710.96177,7229804.409262569
170,-15716.48177,7229893.459262568
523,-15720.81177,7229873.659262569
285,-16358.22177,7229440.009262568
3567,-15718.06177,7229896.239262569
785,-15717.90177,7229895.929262568
37,-16147.59177,7229662.769262568
131,-16170.90177,7229629.909262569
452,-15605.43177,7229784.409262569
1436,-15750.12177,7229879.599262568
1360,-15833.05177,7229716.199262569
1169,-15718.09177,7229895.319262568
328,-15717.98177,7229895.629262568
1290,-16214.05177,7229753.829262569
357,-15718.15177,7229894.989262569
317,-15717.93177,7229895.319262568
1482,-17005.60177,7229782.039262569
393,-15718.01177,7229895.299262568
83,-16354.51177,7229727.349262568
40,-16214.12177,7229625.099262568
289,-15831.34177,7229673.019262568
1772,-15751.87177,7229879.599262568
44,-16319.68177,7229754.459262568
1370,-15718.26177,7229894.379262568
1580,-15718.06177,7229894.299262568
427,-15681.06177,7230107.849262568
452,-15677.65177,7230108.989262569
429,-15962.29177,7229962.769262568
80,-15708.00177,7229759.909262569
406,-15900.96177,7229595.519262568
425,-15678.68177,7230108.679262568
876,-15745.31177,7229880.379262568
1088,-15718.09177,7229894.989262569
335,-15753.79177,7229882.589262568
475,-15715.18177,7229895.739262569
49,-15978.65177,7229661.099262568
688,-15718.18177,7229895.569262568
703,-15718.20177,7229893.769262568
385,-16073.91177,7230175.179262568
2187,-15668.28177,7230110.949262569
1747,-15962.29177,7229962.799262568
832,-15729.79177,7229658.519262568
194,-16257.73177,7229730.239262569
106,-15933.36177,7229805.269262568
782,-15719.11177,7229872.689262568
97,-16176.70177,7229927.409262569
151,-15748.29177,7229792.849262568
281,-16014.83177,7229759.909262569
137,-15749.58177,7229747.719262568
153,-15693.89177,7229797.789262569
431,-16183.28177,7229720.169262568
176,-15762.31177,7229742.109262568
140,-15664.07177,7229828.119262569
334,-15717.93177,7229895.599262568
295,-15717.95177,7229894.769262568
795,-15678.05177,7230110.679262568
357,-15669.11177,7229737.609262568
338,-15718.01177,7229894.179262568
285,-16241.09177,7229888.739262569
237,-16242.65177,7229889.179262568
4640,-15717.65177,7229895.849262568
1341,-15757.73177,7229886.309262568
421,-15507.86177,7229626.109262568
346,-16241.48177,7229889.489262569
94,-16330.04177,7230010.919262568
158,-16347.82177,7230022.879262568
634,-15697.37177,7229899.319262568
1279,-15716.09177,7229895.819262568
457,-15716.33177,7229896.339262568
562,-15697.54177,7229899.569262568
132,-16361.16177,7230029.399262568
583,-15697.48177,7229898.599262568
145,-16429.21177,7230021.929262568
159,-16367.67177,7230025.219262568
1768,-15752.04177,7229879.499262569
156,-16361.47177,7230045.849262568
187,-16365.44177,7229996.669262568
162,-16374.27177,7229993.289262569
521,-16202.01177,7229796.059262568
3595,-15850.86177,7229427.649262568
764,-15632.74177,7229807.339262568
5,-16428.34177,7229556.989262569
55,-16199.73177,7229708.599262568
519,-15725.97177,7229745.579262569
428,-15699.69177,7229849.259262568
1317,-16986.18177,7229521.979262568
73,-16663.90177,7229564.109262568
419,-15777.04177,7229684.879262568
15,-16201.58177,7229708.719262568
68,-16964.19177,7229779.249262569
781,-15530.49177,7229943.709262568
741,-15659.35177,7230073.839262568
587,-16056.12177,7229748.239262569
287,-16191.61177,7229713.459262568
914,-16174.55177,7229750.589262568
539,-16142.06177,7229729.209262568
1818,-16205.55177,7229748.719262568
1286,-16439.66177,7229778.969262568
313,-15634.82177,7229811.729262568
1515,-16200.72177,7229720.539262569
349,-16341.93177,7229814.679262568
205,-16228.53177,7229772.319262568
811,-15685.20177,7229894.189262568
36,-16661.09177,7229665.249262569
818,-15585.32177,7229930.759262568
840,-16332.69177,7229856.809262568
808,-15536.82177,7229983.089262568
617,-15704.37177,7229861.489262569
265,-16165.06177,7229895.049262568
16,-16645.98177,7229588.199262569
734,-16012.43177,7229955.189262568
117,-16357.05177,7229442.519262568
318,-16103.52177,7229733.759262568
50,-16650.45177,7229588.519262568
17,-16649.52177,7229588.229262568
12,-16648.97177,7229588.539262569
1784,-16217.35177,7229772.089262568
114,-15384.01177,7229462.739262569
100,-15894.76177,7229686.019262568
59,-16650.43177,7229569.769262568
64,-16908.61177,7229768.569262568
2253,-16458.54177,7229766.809262568
345,-16352.95177,7230020.019262568
40,-16353.51177,7230021.019262568
596,-15813.59177,7229671.179262568
881,-15632.74177,7229867.489262569
918,-15536.50177,7230076.239262569
1653,-16126.05177,7229500.669262568
396,-16171.12177,7229795.549262568
2264,-16230.66177,7229745.779262569
1954,-15950.74177,7229787.309262568
335,-16106.79177,7229812.269262568
114,-16537.18177,7230080.019262568
1664,-15953.45177,7229972.799262568
19,-16280.92177,7229722.099262568
582,-15856.45177,7229811.849262568
88,-16054.37177,7229623.049262568
449,-16069.73177,7229576.889262568
158,-16284.95177,7229819.489262569
613,-16422.17177,7229552.909262569
453,-15751.33177,7229882.349262568
800,-15691.21177,7229889.379262568
107,-16641.59177,7229593.429262568
3072,-16498.02177,7229754.999262569
2216,-16325.72177,7230129.079262569
2422,-16534.07177,7229763.209262568
321,-15820.33177,7229674.529262569
119,-15660.04177,7230241.129262568
85,-15660.29177,7230241.659262569
222,-16299.81177,7229838.319262568
1064,-16866.66177,7230340.379262568
1340,-15577.16177,7229805.869262569
913,-15751.76177,7229881.909262569
246,-15677.37177,7229778.629262568
296,-16179.59177,7229795.459262568
129,-16989.86177,7229806.039262569
77,-16180.48177,7229928.629262568
93,-16173.79177,7229923.129262568
94,-16053.56177,7229886.019262568
76,-16007.62177,7229954.379262568
6949,-16740.17177,7229433.459262568
593,-16521.04177,7229757.069262568
41,-16125.15177,7229727.039262569
1028,-16000.87177,7229956.319262568
2300,-16117.79177,7229796.059262568
471,-15530.92177,7229943.379262568
2233,-16085.71177,7229799.729262568
84,-16178.98177,7229925.299262568
925,-16254.76177,7229724.619262569
95,-15758.48177,7229728.299262568
711,-16039.04177,7230147.089262568
261,-16304.20177,7229897.459262568
153,-16504.14177,7229592.589262568
339,-16056.04177,7229695.209262568
11,-16201.62177,7229692.739262569
15,-16391.48177,7229596.459262568
684,-15953.96177,7229970.269262568
67,-16354.76177,7229737.239262569
385,-16143.43177,7229693.969262568
1377,-16153.48177,7229697.269262568
986,-15569.76177,7229951.919262568
450,-16524.54177,7229268.329262569
14,-16273.36177,7229725.749262569
875,-15750.90177,7229882.589262568
804,-15645.94177,7230270.089262568
1898,-15903.11177,7230204.459262568
661,-16693.82177,7230184.519262568
654,-15602.81177,7229919.679262568
10081,-16609.82177,7229679.409262569
107,-16664.96177,7229565.799262568
1227,-15753.16177,7229882.139262568
914,-16208.43177,7229773.959262568
766,-16963.09177,7229775.129262568
1757,-15950.96177,7229703.909262569
17,-16335.98177,7229548.929262568
804,-16459.29177,7230023.329262569
545,-15570.00177,7229448.359262568
663,-17029.33177,7229721.549262568
842,-15638.45177,7230367.989262569
95,-16651.98177,7229570.939262568
576,-15739.38177,7230010.109262569
109,-16650.91177,7229566.739262569
672,-15691.32177,7229857.009262568
1698,-15510.43177,7229945.849262568
182,-16271.09177,7229823.989262569
1953,-16244.93177,7229715.999262569
1824,-16226.80177,7229716.999262569
2370,-16432.36177,7229779.829262569
79,-16608.96177,7229941.839262568
497,-15635.96177,7229875.829262569
1930,-15851.56177,7229754.709262568
1487,-15689.31177,7229985.379262568
183,-16350.61177,7229730.759262568
176,-15676.75177,7229821.799262568
65,-16088.15177,7229730.239262569
90,-16649.51177,7229588.669262568
1986,-16644.79177,7229955.989262569
2763,-16532.14177,7229761.609262568
2928,-16202.95177,7229729.319262568
92,-16295.73177,7229593.159262569
2673,-16112.06177,7229730.459262568
682,-15731.23177,7229888.109262569
30,-16789.09177,7229722.679262568
29,-16789.31177,7229722.879262568
33,-16788.88177,7229722.749262569
2682,-16167.57177,7229708.589262568
231,-16664.53177,7229565.329262569
2738,-16032.07177,7229757.319262568
1970,-16350.09177,7230016.929262568
450,-16298.94177,7229755.119262569
590,-16289.28177,7229743.499262569
407,-16275.10177,7229766.709262568
598,-16288.21177,7229752.849262568
2468,-16251.69177,7229748.989262569
375,-15724.16177,7229791.459262568
130,-15848.51177,7229338.879262568
648,-16032.23177,7229757.819262568
309,-16238.73177,7229751.239262569
603,-16348.27177,7230008.089262568
14,-16175.94177,7229761.009262568
1722,-15784.55177,7230231.669262568
115,-16664.00177,7229564.949262569
2807,-16259.09177,7229753.989262569
2700,-16303.98177,7229966.659262569
1560,-15753.34177,7229733.429262568
2181,-16193.64177,7229838.779262569
20,-16338.29177,7229774.239262569
452,-15655.08177,7229788.689262568
654,-15538.33177,7229976.349262568
482,-16007.28177,7229879.769262568
46,-15664.73177,7230088.599262568
1645,-16341.56177,7230012.739262569
418,-16539.33177,7229842.519262568
968,-15913.39177,7229695.909262569
296,-16691.78177,7229802.669262568
33,-15664.84177,7230088.679262568
25,-15627.43177,7230079.679262568
33,-15664.65177,7230088.539262569
29,-15664.70177,7230088.519262568
2055,-15867.74177,7229695.939262568
143,-15664.18177,7230076.379262568
28,-15664.70177,7230088.659262569
24,-15664.73177,7230088.679262568
24,-15664.65177,7230088.519262568
43,-15664.76177,7230088.599262568
4175,-15999.84177,7229777.239262569
2569,-15999.93177,7229776.819262568
1282,-15951.00177,7229804.269262568
1862,-15829.18177,7229674.599262568
933,-16227.99177,7229742.929262568
4000,-16542.22177,7229633.259262568
2814,-16985.00177,7229801.459262568
72,-16139.95177,7229563.429262568
79,-16087.21177,7229553.959262568
1049,-17010.65177,7229298.519262568
580,-15857.01177,7229812.269262568
889,-15532.55177,7229992.219262568
3,-16686.07177,7229779.609262568
94,-16894.67177,7229766.639262568
511,-16228.76177,7229753.349262568
2205,-16695.97177,7230175.239262569
113,-15648.30177,7229786.529262569
103,-15543.80177,7229804.959262568
93,-16182.70177,7229708.119262569
685,-15650.87177,7229863.479262568
105,-16967.62177,7229778.519262568
2365,-16138.37177,7229767.349262568
509,-15459.47177,7230019.119262569
2577,-15668.68177,7229761.139262568
2746,-16278.51177,7229712.459262568
4040,-16249.86177,7229886.379262568
883,-15887.65177,7229858.659262569
207,-16795.53177,7229685.679262568
50,-16193.32177,7229838.849262568
77,-16328.90177,7229648.489262569
36,-16362.43177,7230036.909262569
1408,-16054.87177,7229621.459262568
2441,-16096.66177,7230088.119262569
1776,-15817.23177,7229758.909262569
287,-16070.15177,7229577.019262568
60,-16586.12177,7229764.599262568
11064,-16355.33177,7229858.809262568
90,-15976.31177,7229926.229262568
4294,-16224.76177,7229789.849262568
5890,-16268.64177,7229827.429262568
950,-16185.87177,7229721.159262569
735,-16870.43177,7230347.569262568
1643,-16102.59177,7229670.989262569
499,-15479.10177,7229916.609262568
57,-16641.13177,7229593.129262568
237,-15625.34177,7229871.089262568
375,-15387.31177,7230059.269262568
815,-15646.39177,7230261.259262568
4371,-16020.80177,7229663.449262569
2535,-16235.54177,7229750.799262568
406,-15676.20177,7230058.679262568
51,-16648.97177,7229586.689262568
7,-15622.04177,7229873.099262568
1823,-16404.36177,7229760.669262568
626,-16075.95177,7229854.339262568
190,-16214.78177,7229739.839262568
531,-15531.29177,7229992.019262568
365,-15608.28177,7229914.679262568
484,-15610.64177,7229912.939262568
2947,-16156.85177,7229417.359262569
1278,-16103.74177,7229843.189262568
2602,-15932.93177,7229267.859262568
404,-16610.87177,7229790.799262568
11749,-16175.83177,7229969.609262568
434,-16756.59177,7229852.729262568
131,-16756.80177,7229852.669262568
456,-15728.37177,7229990.979262568
436,-15719.35177,7229990.039262569
2590,-16212.10177,7229619.439262568
712,-15720.75177,7229795.669262568
3621,-16169.40177,7229934.499262569
217,-17013.11177,7229831.859262568
1506,-16102.99177,7229734.559262568
1963,-15626.30177,7229796.659262569
426,-16266.28177,7229755.679262568
588,-16128.20177,7229703.739262569
422,-15529.53177,7229993.559262568
195,-16170.04177,7229876.239262569
5068,-16236.88177,7229749.649262568
26,-15591.81177,7229766.519262568
65,-16748.92177,7229636.039262569
666,-15712.88177,7229514.899262568
661,-16759.20177,7229839.909262569
2865,-15935.26177,7229983.989262569
3658,-16376.70177,7229453.959262568
272,-16505.21177,7229730.049262568
908,-16695.86177,7230072.639262568
143,-16126.38177,7229705.479262568
528,-15709.99177,7230156.369262569
5073,-16340.52177,7230010.509262568
6996,-16342.77177,7230009.779262569
2025,-16364.23177,7230035.209262568
124,-17131.99177,7229714.019262568
493,-16285.38177,7229753.369262569
1376,-17009.89177,7229300.479262568
616,-15533.87177,7229986.599262568
2638,-16712.28177,7229805.469262568
780,-16500.81177,7229593.639262568
600,-16089.92177,7229816.209262568
1261,-16300.50177,7229740.309262568
81,-16322.56177,7229777.909262569
680,-15674.80177,7229612.889262568
711,-16213.92177,7230111.929262568
776,-15975.85177,7230182.979262568
280,-16056.42177,7229622.109262568
380,-15497.66177,7229861.809262568
289,-16119.95177,7229502.569262568
1420,-16271.21177,7229744.019262568
803,-15458.74177,7229630.379262568
404,-15932.18177,7229574.219262568
361,-17025.56177,7229790.139262568
273,-17017.30177,7229794.609262568
3086,-16675.48177,7229552.239262569
1728,-15899.26177,7229946.909262569
2717,-16899.60177,7229620.839262568
549,-15878.54177,7229874.469262568
295,-16220.68177,7229709.629262568
3019,-16130.13177,7229746.719262568
185,-15656.54177,7229823.539262569
5455,-15788.09177,7229755.969262568
430,-15642.62177,7229830.799262568
1098,-16136.83177,7229831.469262568
7861,-16151.80177,7229774.759262568
619,-15742.52177,7229875.149262568
406,-15742.31177,7229880.619262569
2660,-15721.92177,7229792.299262568
1747,-16975.99177,7229789.739262569
528,-16234.52177,7229705.519262568
1448,-15928.96177,7229799.999262569
46,-16339.34177,7229681.929262568
189,-16691.14177,7229801.849262568
480,-15709.88177,7229873.939262568
741,-15687.56177,7229928.289262569
1326,-15688.02177,7229965.319262568
1102,-15675.67177,7230073.549262568
402,-15696.48177,7229903.579262569
273,-16698.01177,7229807.089262568
1477,-15688.98177,7229922.849262568
621,-16268.10177,7229759.159262569
1006,-16475.40177,7229635.769262568
168,-16973.74177,7229772.889262568
399,-16202.76177,7229718.649262568
2591,-15921.73177,7229749.959262568
659,-17010.54177,7229832.839262568
637,-17006.67177,7229835.579262569
3945,-16397.81177,7229758.199262569
175,-17002.06177,7229838.289262569
1473,-16270.27177,7229506.969262568
862,-16682.65177,7229782.629262568
292,-17018.15177,7229798.329262569
97,-16186.35177,7230367.539262569
87,-16177.73177,7229978.909262569
202,-16807.23177,7229776.429262568
148,-16908.72177,7229765.409262569
565,-15928.23177,7229609.199262569
606,-16300.18177,7230036.409262569
203,-16712.28177,7229814.169262568
1736,-16378.07177,7229703.779262569
1631,-15732.97177,7229880.319262568
370,-15937.79177,7229845.409262569
251,-16905.07177,7229753.989262569
215,-16834.80177,7229642.879262568
692,-16992.19177,7229813.189262568
643,-16995.73177,7229815.059262568
286,-16926.10177,7229763.739262569
241,-16925.99177,7229763.339262568
180,-16873.64177,7229791.249262569
234,-17015.58177,7229830.609262568
478,-16328.42177,7230106.399262568
203,-16976.74177,7229789.159262569
466,-15694.45177,7229909.729262568
106,-16188.76177,7229729.159262569
621,-15692.09177,7229865.739262569
238,-16437.72177,7229832.199262569
144,-16895.07177,7229718.129262568
595,-15685.86177,7229982.399262568
1923,-16717.75177,7229818.889262568
407,-16376.79177,7229561.389262568
417,-15689.20177,7229858.019262568
230,-16166.29177,7229719.929262568
4866,-16215.32177,7229701.639262568
109,-16685.76177,7229604.209262568
524,-15712.03177,7229857.869262569
404,-16994.98177,7229579.029262569
285,-16435.79177,7229688.039262569
6120,-16313.27177,7229727.149262568
175,-16295.31177,7229571.049262568
151,-16919.88177,7229764.829262569
370,-15663.13177,7230082.989262569
614,-16348.47177,7230008.219262568
978,-15931.76177,7229796.659262569
5640,-16359.30177,7229857.809262568
5066,-16291.38177,7229858.409262569
1101,-16129.27177,7230281.629262568
5594,-16342.02177,7229785.439262568
6193,-16343.85177,7229781.499262569
156,-16114.59177,7229742.629262568
352,-15755.61177,7229866.099262568
44,-16834.05177,7229508.719262568
4385,-16350.07177,7230022.529262569
1158,-15632.33177,7229929.079262569
746,-16989.19177,7229687.089262568
183,-16895.42177,7229709.719262568
54,-16589.54177,7229498.879262568
4049,-16342.67177,7229747.409262569
4010,-16309.84177,7229768.719262568
248,-16147.51177,7229856.609262568
29,-15632.20177,7229837.739262569
350,-15796.58177,7229878.979262568
150,-16747.31177,7229732.619262569
246,-16358.46177,7230001.809262568
3483,-16049.77177,7229885.309262568
1013,-16270.78177,7229720.679262568
1479,-17068.79177,7229448.359262568
431,-15644.67177,7230386.379262568
61,-16623.36177,7229669.409262569
102,-15852.34177,7229742.099262568
80,-15849.29177,7229743.879262568
1920,-16342.99177,7229747.279262569
1617,-15670.21177,7230108.269262568
2970,-15721.36177,7229881.669262568
5596,-16234.09177,7229742.039262569
6075,-16243.43177,7229740.109262568
848,-16008.48177,7229813.739262569
153,-15766.20177,7230140.409262569
3341,-15752.58177,7229731.959262568
407,-15633.19177,7229867.489262569
5429,-16213.06177,7229698.709262568
45,-16138.72177,7229740.259262568
92,-15750.29177,7229720.099262568
159,-16053.31177,7229622.979262568
1261,-16189.26177,7229713.709262568
604,-16157.92177,7229768.219262568
110,-15846.62177,7229744.239262569
170,-16183.48177,7229691.519262568
113,-15850.54177,7229814.799262568
101,-16340.24177,7229629.699262569
93,-16650.52177,7229588.349262568
150,-16645.90177,7229589.209262568
2425,-15911.05177,7229696.809262568
2284,-15621.20177,7229872.909262569
2288,-15621.29177,7229872.849262568
689,-15967.10177,7229959.649262568
701,-16884.40177,7229613.569262568
17550,-16500.70177,7229858.809262568
965,-15508.82177,7229891.379262568
460,-15632.44177,7229858.009262568
3407,-16695.01177,7229804.469262568
85,-15696.93177,7229888.349262568
1226,-16888.56177,7229614.799262568
5121,-16328.18177,7229696.369262569
575,-15489.62177,7229788.049262568
181,-16228.73177,7229751.239262569
3241,-15753.76177,7229745.169262568
424,-16261.99177,7229741.979262568
1802,-15762.18177,7229713.379262568
1022,-16284.09177,7229881.989262569
44,-16137.44177,7229739.749262569
545,-16840.31177,7229624.739262569
3052,-16257.69177,7229908.339262568
827,-16925.20177,7229604.679262568
491,-16266.71177,7229754.659262569
73,-16143.73177,7229728.269262568
138,-16123.18177,7229727.819262568
932,-15388.44177,7229536.279262569
1000,-15677.98177,7229900.709262568
399,-16230.70177,7229374.849262568
2655,-15736.27177,7229711.569262568
1020,-15550.02177,7229812.349262568
5219,-16205.55177,7229786.309262568
430,-15631.58177,7229857.059262568
299,-15899.95177,7229626.449262569
52,-15713.73177,7229362.239262569
1494,-16236.88177,7229691.979262568
1269,-16260.91177,7229749.989262569
316,-16267.51177,7229716.659262569
1187,-16924.81177,7229605.159262569
41,-16202.56177,7229713.929262568
373,-15742.28177,7229641.409262569
1062,-15639.18177,7229856.469262568
9882,-15754.83177,7229743.569262568
1359,-16175.89177,7229799.699262569
3868,-16201.37177,7229729.089262568
913,-15711.28177,7230137.819262568
45,-15713.98177,7229363.069262568
41,-15713.15177,7229361.349262568
2673,-15686.08177,7229759.909262569
44,-16203.01177,7229713.909262569
4252,-16023.27177,7229801.999262569
74,-16319.37177,7229718.269262568
936,-15656.02177,7229863.079262569
1401,-15702.80177,7229513.299262568
1618,-15733.05177,7229525.319262568
42,-15710.65177,7229359.819262568
239,-16082.98177,7229678.379262568
440,-16856.84177,7229499.739262569
51,-15713.59177,7229362.099262568
53,-15713.59177,7229361.959262568
640,-16974.81177,7229775.829262569
780,-16272.07177,7229741.039262569
63,-16203.57177,7229713.929262568
16,-16494.90177,7229768.299262568
23,-15648.09177,7229787.909262569
164,-16199.65177,7229713.859262568
25,-16184.12177,7229820.599262568
254,-16195.57177,7229699.839262568
99,-16088.01177,7229551.429262568
752,-16191.07177,7229705.819262568
1283,-15918.88177,7229696.169262568
796,-15925.10177,7229852.269262568
88,-16648.46177,7229582.059262568
638,-16505.01177,7229526.849262568
250,-16181.87177,7229667.769262568
341,-16188.62177,7229682.459262568
330,-16190.66177,7229687.929262568
15,-16072.30177,7229681.409262569
886,-15607.31177,7229915.749262569
368,-16332.65177,7229724.069262568
20,-16205.06177,7229534.319262568
18,-16189.15177,7229533.519262568
72,-16199.65177,7229529.239262569
81,-16199.62177,7229529.159262569
16,-16185.68177,7229534.319262568
129,-16520.77177,7229758.269262568
131,-16191.50177,7229529.259262568
4655,-16080.48177,7229680.619262569
214,-16334.76177,7229616.929262568
874,-16187.37177,7229528.629262568
469,-16290.53177,7229712.999262569
439,-16202.23177,7229709.919262568
471,-16202.23177,7229710.569262568
558,-15617.23177,7229777.989262569
395,-16185.98177,7229811.819262568
1321,-16202.68177,7229696.279262569
880,-15612.25177,7229911.139262568
276,-16309.87177,7229700.839262568
583,-16305.37177,7229696.769262568
422,-16183.20177,7229812.709262568
177,-16440.93177,7229790.129262568
1012,-16190.21177,7229708.119262569
285,-16210.62177,7229707.909262569
22,-16446.93177,7229794.269262568
36,-16638.37177,7229586.679262568
1031,-16153.45177,7229853.259262568
1862,-16082.71177,7229682.409262569
1019,-16191.65177,7229692.159262569
1646,-16307.87177,7229711.319262568
53,-16505.20177,7229526.019262568
796,-16633.98177,7229587.869262569
882,-15859.48177,7229807.729262568
42,-15830.62177,7229774.929262568
1570,-16182.19177,7229711.019262568
990,-16181.76177,7229711.949262569
19,-15829.93177,7229775.099262568
38,-15831.43177,7229776.299262568
16,-16306.68177,7229769.679262568
27,-16305.81177,7229769.179262568
394,-15920.42177,7229697.019262568
249,-16199.35177,7229708.879262568
100,-16260.27177,7229507.819262568
888,-15911.05177,7229701.839262568
445,-16201.58177,7229708.059262568
28,-16664.48177,7229665.069262568
25,-16665.56177,7229665.659262569
21,-15911.05177,7229695.769262568
928,-16170.36177,7229805.939262568
229,-16666.01177,7229666.409262569
45,-16306.23177,7229769.099262568
23,-16304.90177,7229766.549262568
28,-16305.73177,7229767.409262569
27,-16306.70177,7229768.569262568
1186,-15909.01177,7229696.839262568
84,-16210.87177,7229710.879262568
136,-16630.52177,7229587.109262568
21,-16305.23177,7229767.069262568
9,-15905.68177,7229698.179262568
9,-15908.01177,7229696.519262568
40,-16208.84177,7229712.909262569
33,-16205.37177,7229710.129262568
878,-16504.73177,7229526.179262568
30,-16205.40177,7229708.569262568
13,-16305.87177,7229769.239262569
32,-16205.34177,7229709.099262568
193,-16346.57177,7229617.019262568
44,-15910.19177,7229695.699262569
22,-15902.36177,7229716.469262568
45,-16204.81177,7229708.599262568
43,-16205.51177,7229708.709262568
36,-16205.59177,7229709.739262569
28,-16205.34177,7229708.569262568
31,-16205.37177,7229708.569262568
26,-16205.82177,7229709.709262568
31,-16205.59177,7229707.409262569
30,-16205.20177,7229709.909262569
50,-15911.95177,7229695.549262568
549,-15911.17177,7229695.859262568
403,-15910.10177,7229695.189262568
799,-15689.34177,7229916.349262568
40,-16205.48177,7229707.269262568
20,-16196.20177,7229531.549262568
22,-16186.70177,7229527.549262568
220,-16306.98177,7229769.319262568
31,-16196.37177,7229535.269262568
40,-16199.73177,7229707.519262568
149,-16630.84177,7229586.709262568
130,-16636.96177,7229583.059262568
24,-16196.62177,7229535.159262569
397,-16198.06177,7229531.569262568
40,-16795.31177,7229674.549262568
66,-15906.65177,7229697.369262569
91,-15905.15177,7229695.229262568
264,-16202.16177,7229708.639262568
197,-16091.73177,7229737.489262569
96,-15920.27177,7229690.929262568
1350,-15907.29177,7229694.969262568
223,-16084.43177,7229678.739262569
1159,-16439.59177,7229823.959262568
68,-16199.54177,7229710.929262568
56,-16189.34177,7229711.049262568
56529,-15901.63177,7229696.209262568
98,-16666.14177,7229579.429262568
616,-16338.16177,7229617.029262569
126,-16634.71177,7229588.779262569
10,-16183.68177,7229519.599262568
1640,-16207.51177,7229709.989262569
1627,-16207.45177,7229710.239262569
2196,-16205.29177,7229714.159262569
1221,-16205.68177,7229714.159262569
1751,-15735.37177,7229615.679262568
2113,-15738.45177,7229614.989262569
50,-15616.56177,7229781.159262569
24,-15618.68177,7229779.549262568
143,-15904.50177,7229716.739262569
8,-16184.81177,7229527.849262568
12,-16202.81177,7229530.159262569
25,-16197.04177,7229714.739262569
8,-16198.15177,7229528.519262568
7,-16187.95177,7229534.709262568
108,-16609.10177,7229586.569262568
95,-16638.03177,7229586.679262568
11,-16669.68177,7229663.889262568
37,-16073.80177,7229681.459262568
140,-16195.04177,7229713.929262568
11,-16185.15177,7229533.849262568
3057,-16193.43177,7229706.519262568
1578,-16205.18177,7229708.409262569
1297,-16196.01177,7229529.569262568
410,-15997.63177,7229955.259262568
1498,-16212.29177,7229708.929262568
1458,-16211.09177,7229708.019262568
1255,-16203.57177,7229714.179262568
1359,-16201.51177,7229713.849262568
1616,-16209.12177,7229711.459262568
2032,-16208.95177,7229709.929262568
88,-16630.84177,7229593.049262568
112,-16639.11177,7229580.099262568
38,-16505.96177,7229526.189262568
759,-15912.55177,7229696.699262569
126,-16341.17177,7229617.699262569
278,-16186.46177,7229814.749262569
1806,-16197.61177,7229709.589262568
103,-16632.13177,7229587.239262569
503,-15711.41177,7229883.189262568
2308,-16093.15177,7229732.709262568
297,-16198.47177,7229712.459262568
211,-16062.75177,7229632.189262568
105,-15734.56177,7229625.779262569
2646,-16893.34177,7229728.769262568
16,-16352.93177,7229717.879262568
136,-15851.95177,7229821.819262568
44,-15619.40177,7229778.849262568
39,-15619.26177,7229778.989262569
21,-16189.68177,7229528.739262569
511,-16199.54177,7229704.049262568
147,-16072.94177,7229685.199262569
236,-16071.98177,7229680.119262569
2335,-16829.11177,7230083.979262568
66,-16200.20177,7229713.019262568
309,-16056.24177,7229626.579262569
109,-15740.14177,7229614.429262568
3473,-15916.73177,7229694.299262568
158,-16913.23177,7229617.159262569
722,-16500.03177,7229753.899262568
284,-16195.20177,7229709.799262568
169,-16631.70177,7229598.169262568
3284,-15915.23177,7229696.569262568
149,-16201.18177,7229709.479262568
261,-16072.52177,7229680.659262569
212,-15855.95177,7229817.989262569
266,-16070.48177,7229681.589262568
111,-16070.69177,7229681.529262569
49,-15619.93177,7229779.909262569
774,-15911.26177,7229694.299262568
2136,-16308.55177,7229707.189262568
2935,-16178.54177,7229728.729262568
239,-16192.15177,7229528.819262568
46,-16197.61177,7229531.069262568
1456,-16195.25177,7229713.499262569
82185,-16077.56177,7229641.009262568
241,-16198.51177,7229713.849262568
50,-15903.01177,7229759.099262568
255,-16163.10177,7230010.979262568
368,-16205.04177,7229706.829262569
115,-16632.56177,7229591.579262569
51,-16536.69177,7230137.409262569
1475,-15710.65177,7229883.019262568
2837,-16197.15177,7229713.179262568
62,-16207.93177,7229707.749262569
26,-15908.26177,7229695.569262568
118,-16203.41177,7229703.249262569
245,-15836.56177,7229770.349262568
528,-15723.87177,7229891.039262569
671,-16195.50177,7229530.659262569
81,-15898.45177,7229755.349262568
173,-16521.84177,7229533.429262568
445,-15918.34177,7229697.869262569
68,-16355.01177,7229719.409262569
2805,-16092.58177,7229736.099262568
153,-16505.05177,7229526.139262568
139,-16203.41177,7229698.569262568
7,-16268.57177,7229736.889262568
42,-16133.65177,7229833.049262568
48,-16133.34177,7229832.659262569
15,-16197.31177,7229714.709262568
571,-15485.43177,7230038.409262569
231,-15911.37177,7229695.369262569
84,-16631.27177,7229594.719262568
34,-16444.06177,7229793.129262568
5,-16003.43177,7229578.159262569
8,-16003.29177,7229586.489262569
56,-16648.84177,7229590.489262569
108,-16444.06177,7229788.349262568
11,-16186.88177,7229813.949262569
553,-16185.38177,7229812.349262568
985,-16187.53177,7229814.479262568
13,-16447.17177,7229794.249262569
52,-16972.76177,7229606.209262568
5,-16705.73177,7230103.329262569
127,-16445.28177,7229790.489262569
200,-16199.59177,7229816.599262568
319,-16645.76177,7229578.429262568
398,-16680.77177,7229578.159262569
128,-16444.47177,7229789.569262568
71,-15887.43177,7229795.849262568
58,-16223.79177,7229724.409262569
98,-16444.86177,7229790.269262568
32,-15468.06177,7229910.159262569
68,-15888.06177,7229795.269262568
85,-15908.93177,7229776.319262568
66,-15675.90177,7229928.319262568
335,-15683.70177,7229828.369262569
49,-16074.45177,7229744.519262568
43,-15969.70177,7229793.659262569
40,-16194.06177,7229705.239262569
37,-15676.48177,7229930.959262568
49,-16082.23177,7229740.909262569
43,-16014.76177,7229768.019262568
31,-15903.37177,7229780.879262568
30,-15881.34177,7229791.409262569
35,-15676.73177,7229932.179262568
35,-15952.93177,7229788.209262568
49,-16223.31177,7229724.599262568
39,-15969.84177,7229793.679262568
37,-16418.73177,7229706.069262568
40,-15964.51177,7229791.989262569
38,-16035.70177,7229757.409262569
31,-16425.73177,7229704.209262568
31,-16425.73177,7229704.069262568
35,-15680.04177,7229930.909262569
28,-15672.68177,7229926.269262568
31,-16199.18177,7229788.019262568
56,-16128.56177,7229726.659262569
31,-15675.62177,7229929.179262568
30,-15678.12177,7229932.629262568
57,-17028.87177,7229784.049262568
89,-17027.90177,7229781.879262568
29,-15676.90177,7229930.879262568
28,-15677.06177,7229930.909262569
38,-16186.03177,7229815.019262568
30,-15677.37177,7229932.429262568
659,-16626.20177,7229585.549262568
10,-16662.59177,7229587.159262569
98,-16664.37177,7229578.239262569
239,-16679.51177,7229575.739262569
3344,-16642.22177,7229585.509262568
42,-16187.21177,7229814.419262568
34,-16186.46177,7229814.819262568
99,-16167.84177,7229801.739262569
44,-16186.13177,7229815.019262568
80,-16186.35177,7229814.879262568
599,-16214.18177,7229705.709262568
373,-16000.52177,7229579.559262568
19,-15922.18177,7229696.349262568
10,-15916.09177,7229696.519262568
56,-16186.78177,7229814.679262568
165,-16445.28177,7229790.299262568
6,-16640.37177,7229589.879262568
16,-15914.54177,7229696.769262568
19,-15919.90177,7229696.959262568
11,-15909.87177,7229697.519262568
18,-15918.43177,7229691.269262568
10,-15914.87177,7229693.989262569
16,-15907.68177,7229696.129262568
5,-16638.62177,7229586.099262568
16,-15915.73177,7229695.069262568
115,-16445.19177,7229790.459262568
58,-16643.79177,7229588.349262568
6,-16186.32177,7229813.459262568
56,-15673.95177,7229713.429262568
14,-15669.98177,7229713.659262569
37,-16346.29177,7229684.709262568
74,-16309.51177,7229684.799262568
13,-15753.51177,7229704.319262568
18,-15753.70177,7229703.799262568
17,-16667.54177,7229578.489262569
16,-16654.12177,7229583.739262569
141,-16339.76177,7229681.739262569
36,-16314.13177,7229712.459262568
131,-16188.00177,7229814.939262568
128,-15912.23177,7229696.239262569
157,-16445.36177,7229790.349262568
31,-15911.05177,7229696.299262568
50,-15683.49177,7229934.289262569
25,-16128.59177,7229739.159262569
29,-16129.18177,7229740.409262569
417,-16182.20177,7229817.209262568
265,-15710.42177,7229712.929262568
12,-16190.00177,7229812.749262569
28,-16330.84177,7229682.319262568
22,-16344.81177,7229687.929262568
21,-16187.81177,7229533.519262568
16,-16190.43177,7229532.929262568
109,-15910.08177,7229697.319262568
276,-16181.29177,7229816.429262568
30,-16128.59177,7229738.989262569
35,-16129.73177,7229739.879262568
1427,-16631.27177,7229591.719262568
103,-16443.58177,7229791.599262568
8,-16448.43177,7229796.709262568
6,-16450.56177,7229798.709262568
38,-16129.73177,7229738.819262568
24,-16128.51177,7229739.239262569
38,-16129.34177,7229739.519262568
54,-16128.84177,7229739.299262568
20,-16444.87177,7229788.179262568
9,-16447.45177,7229790.849262568
30,-16127.26177,7229738.409262569
29,-16128.70177,7229739.459262568
19,-16447.54177,7229796.989262569
8,-16445.95177,7229797.549262568
92,-16131.15177,7229739.489262569
19,-16128.59177,7229738.209262568
8,-16452.06177,7229794.459262568
7,-16445.26177,7229789.569262568
490,-16002.99177,7229580.099262568
36,-16188.48177,7229814.299262568
24,-16129.12177,7229738.989262569
33,-16128.34177,7229739.819262568
19,-16451.84177,7229796.269262568
9,-16450.04177,7229796.209262568
11,-16205.20177,7229706.799262568
6,-16450.01177,7229797.179262568
9,-16446.59177,7229798.159262569
12,-16445.29177,7229798.099262568
12,-16450.68177,7229798.209262568
18,-16451.18177,7229798.409262569
69,-16129.51177,7229739.099262568
17,-16128.09177,7229739.239262569
18,-16450.26177,7229797.679262568
16,-16442.70177,7229789.549262568
16,-16442.84177,7229792.819262568
32,-16128.76177,7229738.519262568
37,-16130.29177,7229739.909262569
73,-16128.93177,7229739.709262568
20,-16451.95177,7229796.319262568
8,-16449.98177,7229796.179262568
4,-16442.73177,7229796.099262568
15,-16442.06177,7229791.679262568
7,-16448.12177,7229796.679262568
36,-16129.68177,7229739.769262568
53,-16128.76177,7229741.549262568
22,-15919.65177,7229685.929262568
6,-16447.01177,7229792.549262568
1184,-16653.27177,7229585.039262569
163,-16178.20177,7229801.989262569
34,-16127.62177,7229738.819262568
18,-16449.79177,7229795.239262569
18,-16452.06177,7229795.769262568
19,-16449.73177,7229797.959262568
6,-16449.95177,7229798.129262568
29,-16200.23177,7229707.319262568
12,-16205.20177,7229707.159262569
21,-16202.93177,7229707.019262568
8,-16445.26177,7229796.799262568
20,-16451.51177,7229795.659262569
11,-16450.37177,7229795.599262568
28,-16204.73177,7229706.459262568
8,-16448.26177,7229790.799262568
12,-16450.70177,7229790.769262568
6,-16450.29177,7229795.489262569
5,-16446.20177,7229792.319262568
5,-16446.59177,7229792.299262568
4,-16441.37177,7229793.539262569
8,-16450.73177,7229792.549262568
12,-16450.70177,7229792.429262568
15,-16202.18177,7229707.819262568
14,-16205.45177,7229706.909262569
14,-16207.31177,7229707.019262568
15,-16443.01177,7229794.209262568
16,-16202.26177,7229707.129262568
19,-16204.76177,7229706.629262568
7,-16184.04177,7229811.019262568
50,-16205.23177,7229706.709262568
130,-16197.65177,7229708.069262568
14,-16202.09177,7229707.519262568
12,-16207.70177,7229706.379262568
12,-16206.07177,7229706.959262568
873,-16190.10177,7229813.149262568
9,-16002.98177,7229578.159262569
2144,-16198.82177,7229532.229262568
114,-16682.13177,7229584.499262569
613,-15912.76177,7229695.169262568
269,-16004.39177,7229577.419262568
296,-16004.39177,7229578.429262568
16,-17027.34177,7229782.989262569
10615,-16638.89177,7229584.499262569
5578,-16196.11177,7229530.599262568
407,-16681.31177,7229591.379262568
48,-15740.98177,7229680.569262568
9,-15923.18177,7229696.269262568
13,-15913.73177,7229695.519262568
15,-16649.37177,7229586.769262568
23,-16636.79177,7229588.849262568
783,-16002.99177,7229578.089262568
89,-16790.31177,7229668.429262568
10,-16688.62177,7229582.349262568
56,-15911.26177,7229697.319262568
12,-16194.31177,7229707.679262568
10,-16194.40177,7229707.569262568
19,-16675.34177,7229577.179262568
10,-16197.09177,7229706.679262568
6,-16196.90177,7229706.739262569
17,-16636.45177,7229588.849262568
32,-16675.04177,7229579.239262569
15,-16190.29177,7229707.709262568
13,-16199.06177,7229820.409262569
1030,-16918.70177,7229617.969262568
8,-16209.29177,7229712.409262569
436,-16681.41177,7229582.029262569
395,-16627.43177,7229582.499262569
645,-15925.46177,7229696.769262568
20,-16660.65177,7229577.239262569
21,-16201.23177,7229706.549262568
26,-16197.48177,7229711.849262568
133,-16133.34177,7229738.739262569
225,-15922.15177,7229796.569262568
295,-15909.33177,7229691.359262568
659,-15919.56177,7229691.429262568
21,-16917.98177,7229617.949262569
11,-16196.23177,7229822.049262568
15,-16887.91177,7229624.709262568
776,-16659.81177,7229581.969262568
42676,-16676.12177,7229592.389262568
136,-15934.11177,7229804.869262569
64,-16013.08177,7229703.109262568
7,-16196.93177,7229706.739262569
10,-16194.23177,7229707.569262568
1237,-16180.77177,7229818.149262568
23,-16005.51177,7229578.799262568
23,-16006.90177,7229579.159262569
270,-16628.43177,7229587.929262568
383,-15787.51177,7229856.489262569
74,-16638.20177,7229586.739262569
13,-16196.40177,7229810.209262568
910,-16634.49177,7229593.589262568
346,-16186.99177,7229815.019262568
18,-16676.68177,7229577.709262568
7,-15902.12177,7229706.269262568
12,-15916.20177,7229695.209262568
26,-16666.37177,7229586.659262569
178,-15832.62177,7229757.329262569
46,-15871.03177,7229758.729262568
109,-16194.82177,7229746.649262568
46,-15931.11177,7229807.069262568
447,-15813.97177,7229653.619262569
186,-16057.71177,7229866.219262568
29,-15909.01177,7229758.669262568
200,-15901.18177,7229758.669262568
336,-16165.21177,7229917.149262568
200,-16650.68177,7229590.069262568
1253,-16637.51177,7229583.739262569
39,-15863.52177,7229813.279262569
202,-16637.34177,7229580.709262568
482,-16186.67177,7229812.949262569
1086,-15945.68177,7229840.519262568
298,-16638.84177,7229581.019262568
112,-15910.62177,7229695.429262568
465,-15782.43177,7229857.549262568
227,-15728.44177,7229684.479262568
1946,-16642.54177,7229584.899262568
11,-16186.37177,7229813.799262568
13,-16681.06177,7229581.709262568
23,-16208.40177,7229640.159262569
34,-16644.58177,7229585.969262568
100,-16128.98177,7229739.209262568
320,-16638.70177,7229589.209262568
21,-16016.79177,7229695.299262568
10,-15676.51177,7229761.269262568
12,-15676.73177,7229761.409262569
277,-15781.34177,7229663.909262569
738,-16441.61177,7230058.869262569
486,-15753.18177,7229731.909262569
1004,-15892.06177,7230013.849262568
141,-16033.69177,7229777.909262569
106,-16961.08177,7229769.749262569
5,-16295.05177,7229717.059262568
871,-15624.37177,7229796.119262569
366,-15631.24177,7229806.469262568
1103,-15958.36177,7229745.709262568
282,-16363.93177,7229723.639262568
102,-17156.09177,7229553.819262568
567,-16220.87177,7229739.819262568
71,-16194.18177,7229729.159262569
66,-16194.15177,7229729.159262569
70,-15742.18177,7229787.319262568
68,-15743.12177,7229787.019262568
7918,-16264.99177,7229818.559262568
69,-15742.45177,7229787.429262568
69,-15742.51177,7229787.319262568
12863,-15729.53177,7229870.099262568
16,-15667.48177,7229783.929262568
64,-16194.23177,7229729.209262568
721,-15635.32177,7229816.749262569
1644,-16252.87177,7229730.289262569
21,-15667.54177,7229783.929262568
20,-15667.45177,7229783.909262569
17,-15667.65177,7229783.959262568
2359,-16363.05177,7229711.929262568
857,-15607.85177,7229753.259262568
239,-16686.68177,7229767.909262569
1201,-16201.80177,7229719.209262568
334,-15466.57177,7229909.429262568
884,-15538.22177,7229984.959262568
181,-16223.38177,7229586.599262568
824,-15741.96177,7229891.319262568
396,-16215.35177,7229758.529262569
509,-15662.56177,7229816.409262569
1536,-16244.50177,7229759.739262569
344,-15813.76177,7229872.339262568
335,-16352.01177,7229598.459262568
463,-16701.57177,7229809.169262568
2670,-15545.55177,7229442.369262569
19,-15828.20177,7229674.069262568
120,-16748.59177,7229753.679262568
108,-15809.78177,7229772.869262569
498,-16606.92177,7229553.439262568
24,-16192.40177,7229797.519262568
523,-16607.28177,7229551.169262568
559,-15626.04177,7229774.519262568
567,-15626.87177,7229774.129262568
513,-15611.01177,7229780.959262568
281,-15753.99177,7229641.099262568
5745,-15726.31177,7229784.979262568
7,-16430.65177,7229793.539262569
1967,-16110.92177,7229854.669262568
29,-16294.40177,7229601.799262568
148,-15474.51177,7230024.149262568
400,-15948.84177,7229844.849262568
1,-16151.16177,7229930.559262568
9,-15645.18177,7229855.379262568
374,-15636.39177,7229820.359262568
1778,-15964.95177,7229957.129262568
72,-16228.81177,7229750.209262568
41,-16310.40177,7229748.429262568
1969,-16237.52177,7229723.079262569
386,-15654.33177,7229856.449262569
2218,-16387.08177,7230042.939262568
79,-16081.37177,7229921.049262568
136,-16661.76177,7230196.429262568
491,-15469.88177,7230030.129262568
533,-16235.49177,7229722.609262568
1390,-16228.01177,7229738.549262568
554,-15953.64177,7229995.229262568
44,-16313.18177,7229749.379262568
1422,-16182.49177,7229965.339262568
61,-15650.37177,7230240.819262568
271,-16106.78177,7229737.209262568
1206,-16696.29177,7229806.069262568
421,-16184.85177,7229764.339262568
23,-15915.54177,7229697.959262568
27,-15917.23177,7229697.799262568
509,-15912.15177,7230407.539262569
256,-15909.15177,7230408.409262569
910,-15651.57177,7229786.339262568
15,-15916.04177,7229697.679262568
1236,-16218.13177,7229741.489262569
515,-15646.69177,7229787.509262568
10,-15915.56177,7229697.929262568
16,-15915.45177,7229697.909262569
693,-16979.53177,7229795.719262568
24,-15916.06177,7229697.549262568
33,-15916.06177,7229697.319262568
28,-15915.95177,7229697.599262568
774,-16104.06177,7229665.849262568
25,-15915.29177,7229697.769262568
12,-15915.65177,7229697.959262568
69,-15915.37177,7229697.849262568
442,-16179.59177,7229759.519262568
471,-16186.67177,7229763.459262568
3029,-16231.41177,7229768.679262568
167,-15847.73177,7229695.459262568
474,-15910.40177,7229761.549262568
174,-16171.62177,7229925.349262568
377,-15768.92177,7229748.869262569
19,-15913.54177,7229697.569262568
7,-15913.23177,7229697.879262568
179,-16172.04177,7229980.379262568
117,-16171.95177,7229980.409262569
67,-16574.45177,7230163.159262569
74,-16121.51177,7229938.629262568
117,-16171.68177,7229980.819262568
103,-16240.95177,7229888.709262568
48,-16198.95177,7229903.849262568
1193,-16629.65177,7229755.929262568
2749,-16521.41177,7229534.669262568
449,-15766.78177,7229746.329262569
58,-16247.15177,7229763.299262568
50,-16247.45177,7229762.739262569
485,-15594.87177,7229788.629262568
57,-16659.37177,7229557.429262568
61,-16658.56177,7229556.459262568
55,-16121.62177,7229938.799262568
51,-16132.93177,7229910.409262569
397,-16229.91177,7229738.899262568
484,-15736.43177,7229872.629262568
518,-16230.91177,7229740.709262568
41,-15915.98177,7229697.989262569
99,-16121.62177,7229938.709262568
483,-15734.90177,7229871.909262569
895,-15687.78177,7229978.479262568
267,-16311.77177,7229728.019262568
1200,-16369.65177,7229683.659262569
960,-16374.32177,7229685.949262569
37,-15915.76177,7229698.069262568
1727,-16230.55177,7229766.809262568
5590,-16230.20177,7229767.209262568
1599,-15719.90177,7229799.569262568
53,-15751.29177,7229731.179262568
349,-15815.18177,7229873.679262568
273,-15678.62177,7230064.179262568
60,-16024.26177,7229952.409262569
105,-16080.81177,7229919.269262568
1259,-16195.68177,7229749.319262568
1703,-15693.95177,7229876.549262568
184,-15751.04177,7229731.129262568
40,-15915.70177,7229697.989262569
45,-15915.95177,7229697.909262569
181,-16146.15177,7229927.129262568
98,-16179.98177,7229913.129262568
522,-15657.02177,7229787.319262568
88,-15751.01177,7229731.129262568
32,-16151.15177,7229653.819262568
67,-15915.93177,7229697.819262568
2358,-15949.46177,7229746.049262568
57,-15915.68177,7229697.679262568
26,-15688.31177,7229810.099262568
36,-16846.84177,7229587.909262569
53,-15915.51177,7229698.379262568
957,-15478.46177,7229914.279262569
6452,-16347.82177,7229752.109262568
483,-15740.46177,7229749.189262568
55,-15912.65177,7229698.019262568
55,-15916.04177,7229698.069262568
759,-15637.25177,7229828.169262568
78,-16232.40177,7229757.239262569
91,-16234.98177,7229756.799262568
66,-15916.01177,7229697.989262569
76,-16233.79177,7229756.659262569
62,-16232.34177,7229757.159262569
530,-15633.60177,7229865.889262568
486,-15634.56177,7229866.889262568
6583,-16144.54177,7229728.409262569
171,-16232.40177,7229757.209262568
65,-16236.54177,7229756.599262568
5704,-16201.37177,7229767.549262568
1803,-15658.92177,7230213.599262568
76,-16235.31177,7229758.319262568
56,-16223.98177,7229753.409262569
93,-16232.37177,7229757.299262568
2098,-16198.36177,7229765.679262568
85,-16232.43177,7229757.239262569
1048,-15689.53177,7229862.689262568
1316,-15681.16177,7229862.629262568
797,-15512.04177,7229765.609262568
1389,-15752.40177,7229881.249262569
425,-16156.76177,7229748.079262569
502,-16163.62177,7229742.669262568
746,-15628.02177,7229799.059262568
685,-15633.71177,7229810.139262568
604,-16296.87177,7229696.019262568
521,-16296.31177,7229695.409262569
3891,-16419.07177,7229773.839262568
441,-16224.46177,7229766.759262568
708,-15613.00177,7229916.279262569
633,-15542.62177,7229790.049262568
13,-16134.53177,7229747.579262569
500,-15636.28177,7229816.219262568
813,-16144.08177,7229729.089262568
753,-15679.06177,7230108.409262569
388,-16234.33177,7229727.709262568
344,-16017.38177,7229839.759262568
3492,-15725.38177,7229742.149262568
1382,-15636.42177,7229816.499262569
1371,-15688.67177,7229862.629262568
52,-16390.62177,7229582.909262569
87,-16267.20177,7229810.099262568
617,-15716.03177,7229800.939262568
1207,-15723.32177,7229796.599262568
6646,-15852.34177,7229794.049262568
203,-16555.65177,7229810.659262569
404,-16217.92177,7229756.409262569
108,-16233.90177,7229756.429262568
311,-16258.15177,7229758.049262568
91,-16812.76177,7229775.099262568
634,-16224.15177,7229757.409262569
69,-16172.37177,7229962.239262569
2303,-16359.62177,7229493.589262568
379,-16218.48177,7229735.459262568
45,-16647.57177,7229586.759262568
414,-16641.47177,7229787.779262569
891,-16305.87177,7229757.049262568
48,-16151.45177,7229726.349262568
38,-16148.40177,7229726.929262568
915,-16242.01177,7229714.159262569
585,-15622.01177,7229874.899262568
1900,-15489.51177,7229815.349262568
292,-16283.15177,7229759.209262568
361,-15935.32177,7229824.379262568
360,-15935.87177,7229824.319262568
4140,-16280.25177,7229754.289262569
370,-15717.48177,7229908.989262569
36,-17052.06177,7229277.749262569
326,-16342.38177,7229411.099262568
684,-15719.35177,7229798.269262568
201,-16606.21177,7229552.759262568
1995,-15861.16177,7229746.249262569
44,-16142.31177,7229744.669262568
315,-15749.01177,7229744.819262568
2163,-15777.90177,7229749.719262568
326,-15717.15177,7229910.239262569
3693,-15703.77177,7229809.339262568
483,-15633.28177,7229774.559262568
563,-15729.55177,7229870.389262568
1168,-15686.42177,7229861.639262568
1709,-15781.55177,7229750.049262568
111,-16213.06177,7229795.789262569
71,-15914.95177,7229698.459262568
1660,-15779.51177,7229751.119262569
2641,-16385.90177,7229787.379262568
2155,-16277.01177,7230281.629262568
33,-15913.76177,7229698.129262568
1910,-15742.32177,7229874.529262569
6895,-15720.62177,7229885.979262568
74,-15915.06177,7229698.379262568
45,-15914.84177,7229697.849262568
37,-15915.31177,7229697.929262568
65,-15914.59177,7229698.099262568
42,-15915.06177,7229698.409262569
315,-16121.34177,7229725.179262568
47,-15915.04177,7229698.349262568
54,-15913.90177,7229698.019262568
3268,-16108.78177,7229732.629262568
336,-15753.20177,7229880.679262568
832,-16250.61177,7229700.709262568
1150,-16867.01177,7230013.139262568
12,-16314.51177,7229712.769262568
324,-15969.75177,7229832.069262568
56,-15649.59177,7229881.269262568
28,-15649.29177,7229882.549262568
993,-15928.64177,7229757.729262568
676,-15745.71177,7229944.109262568
798,-15675.66177,7229903.059262568
1430,-15625.34177,7229904.399262568
871,-15610.53177,7229912.879262568
28,-16300.29177,7229704.179262568
166,-17049.91177,7229521.579262569
362,-15788.76177,7229757.889262568
1469,-15883.90177,7229918.549262568
1266,-16200.86177,7229737.909262569
978,-15634.56177,7229841.919262568
585,-15646.69177,7229822.159262569
323,-15649.48177,7229822.159262569
32,-16014.04177,7229327.689262568
912,-15838.41177,7229774.489262569
846,-15633.81177,7229863.949262569
828,-15612.68177,7229913.279262569
24,-15723.21177,7229965.039262569
34,-15499.92177,7229625.709262568
1232,-15610.21177,7229914.079262569
610,-15627.48177,7229903.199262569
489,-15675.45177,7230061.909262569
673,-15402.71177,7229906.269262568
32,-16298.68177,7229705.369262569
458,-16304.69177,7229755.999262569
60,-16303.47177,7229702.919262568
57,-16343.59177,7229727.099262568
45,-16347.57177,7229724.459262568
52,-16335.49177,7229716.409262569
340,-16140.32177,7229820.889262568
1320,-16345.24177,7229735.429262568
703,-16141.07177,7229821.689262568
59,-16348.00177,7229725.989262569
1732,-15697.86177,7229865.619262569
884,-15613.32177,7229854.799262568
41,-16953.13177,7229798.609262568
28,-16950.19177,7229793.849262568
921,-15624.16177,7229905.199262569
837,-15670.29177,7230097.189262568
822,-15672.22177,7230103.729262568
1142,-15789.49177,7230119.409262569
764,-15632.63177,7229861.079262569
712,-15637.78177,7230081.509262568
5619,-17018.43177,7229297.569262568
628,-15641.86177,7229829.039262569
352,-16250.31177,7229713.819262568
235,-16317.59177,7229744.419262568
27,-16323.76177,7230133.349262568
916,-15685.20177,7229783.299262568
304,-15664.82177,7229786.979262568
106,-15996.95177,7229704.549262568
719,-15497.66177,7229944.379262568
426,-16569.82177,7230124.859262568
797,-16004.17177,7229881.369262569
963,-15606.78177,7229915.479262568
373,-16183.90177,7229789.489262569
1729,-16240.85177,7229748.189262568
35,-15679.00177,7229800.219262568
331,-16226.40177,7229558.489262569
81,-16226.48177,7229558.679262568
305,-15897.85177,7230161.169262568
314,-16206.01177,7229773.739262569
1978,-16366.27177,7229742.039262569
39,-16423.20177,7229786.769262568
1187,-16941.55177,7229749.989262569
300,-16365.00177,7229439.519262568
773,-15792.29177,7229502.519262568
481,-15804.70177,7229734.099262568
434,-15681.69177,7229807.099262568
114,-16423.65177,7229555.819262568
15,-16337.79177,7229767.179262568
236,-15763.18177,7229664.179262568
108,-16130.34177,7229738.639262568
54,-16317.34177,7229747.569262568
68,-16355.37177,7230023.569262568
524,-16293.32177,7229676.469262568
18,-16382.62177,7230035.459262568
46,-16355.62177,7230023.569262568
20,-16357.15177,7230024.599262568
620,-15610.10177,7229929.159262569
991,-15631.77177,7229849.459262568
47,-16239.38177,7229771.729262568
52,-16263.33177,7229718.909262569
51,-16095.26177,7229821.689262568
1661,-16231.58177,7229750.439262568
61,-15622.26177,7229854.519262568
65,-16089.68177,7229823.699262569
55,-16437.62177,7229760.159262569
1145,-16210.62177,7229773.049262568
396,-15507.15177,7229811.329262569
66,-16489.62177,7230029.159262569
948,-16162.34177,7229760.679262568
1591,-16385.39177,7229766.409262569
684,-15644.11177,7230258.089262568
171,-15681.16177,7229811.159262569
404,-15684.59177,7229782.449262569
77,-16332.98177,7230045.959262568
502,-16228.94177,7229738.899262568
2453,-16186.67177,7229698.439262568
265,-15706.80177,7229800.139262568
11847,-15957.29177,7229967.649262568
13870,-15947.20177,7229976.259262568
203,-15909.79177,7230417.069262568
1716,-16194.11177,7229726.489262569
524,-15755.56177,7229788.739262569
173,-15682.13177,7229783.179262568
713,-15998.06177,7230292.369262569
44,-16500.18177,7229546.629262568
263,-15912.57177,7230427.689262568
122,-16186.03177,7229788.979262568
282,-16459.83177,7229805.269262568
4457,-16437.94177,7229824.899262568
333,-16402.11177,7230328.579262569
524,-16301.68177,7229705.579262569
721,-15407.33177,7229905.269262568
91,-16403.64177,7230332.319262568
741,-16982.75177,7229795.519262568
121,-16390.33177,7230326.859262569
197,-15978.37177,7229951.749262569
427,-16273.57177,7229764.209262568
292,-16293.31177,7229953.989262569
810,-16021.12177,7229662.449262569
2421,-16860.44177,7229420.559262568
320,-15631.56177,7229804.709262568
159,-15972.29177,7229848.249262569
823,-15624.37177,7229904.729262568
1689,-15674.65177,7229859.679262568
163,-16057.28177,7230322.309262568
445,-16314.99177,7229754.259262568
82,-15616.34177,7229783.409262569
1231,-16510.73177,7229603.849262568
269,-16228.76177,7229752.139262568
1187,-15669.00177,7230109.129262568
825,-15626.30177,7229903.729262568
362,-16337.86177,7229692.189262568
460,-16313.81177,7229741.439262568
430,-15663.53177,7229820.159262569
667,-16310.80177,7229720.539262569
487,-16332.15177,7229714.199262569
371,-16340.09177,7229720.539262569
345,-16342.35177,7229721.879262568
510,-15629.63177,7229854.739262569
862,-16934.71177,7229462.449262569
533,-16346.10177,7229728.219262568
432,-16347.07177,7229730.089262568
475,-16336.23177,7229718.539262569
192,-16078.42177,7230461.059262568
766,-16099.44177,7229838.049262568
131,-16436.01177,7229829.849262568
155,-16156.74177,7229751.859262568
520,-16344.92177,7229726.689262568
2936,-16222.61177,7229754.859262568
256,-16437.12177,7229835.959262568
4222,-16351.04177,7229770.619262569
744,-16093.97177,7229838.979262568
421,-16255.66177,7229743.579262569
53,-16759.65177,7229427.489262569
1446,-16238.17177,7229753.589262568
534,-16080.24177,7230458.189262568
223,-15662.31177,7230181.519262568
89,-16330.20177,7229710.959262568
377,-16090.22177,7229680.009262568
9808,-16657.13177,7229569.939262568
367,-16350.07177,7229731.429262568
74,-16261.43177,7229813.799262568
872,-15631.88177,7229870.489262569
815,-15626.84177,7229855.339262568
260,-16137.04177,7229737.519262568
290,-16134.54177,7229736.519262568
109,-16306.34177,7229703.429262568
542,-16301.36177,7229702.709262568
19,-16662.01177,7229594.099262568
558,-15636.50177,7229873.429262568
476,-16345.99177,7229725.679262568
844,-15501.63177,7229816.149262568
1390,-16181.48177,7229972.409262569
24,-15688.65177,7229845.039262569
77,-16139.54177,7229743.629262568
1057,-15632.02177,7229858.829262569
458,-15526.20177,7229810.009262568
292,-15538.22177,7229980.479262568
447,-16130.12177,7229736.489262569
75,-16488.54177,7229755.429262568
442,-16132.06177,7229737.099262568
680,-15672.12177,7230104.659262569
718,-15663.96177,7230125.879262568
1897,-15663.53177,7230174.439262568
833,-15521.59177,7229811.409262569
546,-15715.38177,7229947.659262569
1221,-15975.33177,7229854.759262568
1750,-16019.32177,7229909.699262569
507,-16211.81177,7229739.319262568
931,-15445.41177,7229897.189262568
602,-15480.71177,7230020.989262569
842,-15566.54177,7229768.879262568
767,-16145.04177,7230225.539262569
866,-16110.71177,7230200.189262568
886,-15429.97177,7229903.269262568
589,-16501.20177,7229853.929262568
744,-15758.19177,7229880.979262568
594,-15665.07177,7229863.959262568
673,-15596.58177,7229727.689262568
980,-15626.52177,7229854.339262568
316,-16212.34177,7229772.349262568
510,-15541.65177,7229768.949262569
954,-15624.26177,7229854.469262568
559,-15628.13177,7229855.139262568
844,-16673.33177,7229465.979262568
185,-15402.28177,7229906.869262569
757,-15521.80177,7229941.039262569
349,-16276.07177,7229768.359262569
891,-15479.75177,7229920.419262568
19,-16541.06177,7229613.599262568
348,-16228.33177,7229739.179262568
807,-15743.56177,7230231.909262569
438,-15943.13177,7229682.549262568
2155,-15971.99177,7229937.709262568
484,-16300.12177,7229702.569262568
24,-16323.57177,7229755.459262568
596,-15662.60177,7229863.959262568
330,-15790.16177,7229872.309262568
11,-16205.68177,7229887.789262569
591,-16228.45177,7229721.129262568
2581,-16621.51177,7229823.159262569
79,-15382.44177,7229547.769262568
329,-16330.76177,7229759.269262568
1259,-15667.10177,7229809.619262569
1482,-16373.54177,7230030.179262568
695,-15817.06177,7230173.779262569
638,-16244.18177,7229737.159262569
947,-16215.35177,7229763.019262568
567,-15930.68177,7230247.279262569
299,-16129.38177,7229740.159262569
328,-16130.27177,7229742.599262568
21,-16320.68177,7229759.129262568
32,-16321.84177,7229756.849262568
1685,-15717.30177,7229896.079262569
617,-16264.56177,7229815.819262568
809,-15710.31177,7230084.849262568
931,-16211.48177,7229771.519262568
625,-16231.09177,7229742.579262569
1240,-16405.09177,7229756.349262568
186,-16489.12177,7229606.209262568
2034,-15845.92177,7229937.499262569
684,-16212.74177,7229771.019262568
663,-16208.34177,7229773.359262568
312,-15978.54177,7229931.069262568
144,-16312.20177,7229778.029262569
532,-15687.28177,7229863.779262569
783,-15652.59177,7230359.989262569
184,-16400.43177,7229615.679262568
82,-16893.53177,7229726.139262568
52,-16359.59177,7230027.769262568
20,-16040.18177,7229754.179262568
350,-16423.56177,7229796.589262568
10484,-16099.32177,7229831.959262568
346,-16577.20177,7229600.399262568
578,-15530.82177,7229990.959262568
578,-15657.63177,7229813.209262568
4199,-16460.04177,7229759.199262569
649,-16022.73177,7229838.919262568
421,-15615.68177,7229909.809262568
451,-16209.63177,7229772.819262568
1715,-17136.51177,7229696.529262569
23,-16320.51177,7229759.299262568
22,-16273.40177,7229775.799262568
1422,-16009.22177,7230267.619262569
1471,-16346.42177,7229773.559262568
584,-15946.56177,7230030.129262568
2389,-16154.81177,7230404.259262568
456,-15656.81177,7229813.239262569
1218,-15703.80177,7229824.929262568
188,-15753.79177,7229891.859262568
539,-15624.05177,7229874.159262569
581,-15623.62177,7229905.669262568
4576,-15863.32177,7229756.749262569
907,-15676.41177,7230052.419262568
469,-16263.60177,7229833.039262569
1252,-15632.18177,7229864.129262568
770,-15752.04177,7229746.749262569
49,-16448.56177,7230059.099262568
967,-15703.56177,7229511.289262569
1186,-16211.07177,7229784.569262568
486,-16298.04177,7229777.989262569
660,-15795.28177,7229755.859262568
52,-16558.00177,7229612.019262568
251,-16538.56177,7229635.179262568
56,-15872.34177,7229318.959262568
2443,-16204.37177,7229786.379262568
118,-16965.01177,7229777.599262568
112,-16268.21177,7229837.849262568
72,-16542.98177,7229612.849262568
112,-16539.56177,7229606.629262568
16,-16350.51177,7230016.409262569
369,-16301.79177,7229678.209262568
178,-16191.43177,7229705.909262569
783,-16101.38177,7229834.109262568
130,-15819.53177,7229683.609262568
236,-15634.81177,7229831.549262568
250,-15949.88177,7229706.049262568
49,-15803.37177,7229669.539262569
205,-15633.09177,7229831.819262568
209,-15633.43177,7229831.629262568
664,-15687.76177,7229810.209262568
2625,-15752.68177,7229744.239262569
386,-15630.37177,7229841.069262568
572,-16342.24177,7229772.759262568
1414,-15832.98177,7229651.109262568
6896,-16332.69177,7229717.269262568
910,-15677.37177,7230039.269262568
70,-16657.34177,7230172.239262569
2244,-16352.97177,7229734.359262568
362,-16132.15177,7229737.549262568
541,-16141.61177,7229720.879262568
2279,-16065.91177,7229732.289262569
133,-16258.65177,7229747.879262568
161,-15744.96177,7229739.969262568
862,-15381.18177,7230189.789262569
1462,-15647.87177,7229822.889262568
62,-15872.48177,7229319.049262568
277,-15729.59177,7229740.379262568
490,-15636.52177,7229827.659262569
654,-15634.13177,7229817.749262569
55,-16206.65177,7229887.349262568
2216,-15825.67177,7229675.949262569
40,-17102.01177,7229677.879262568
518,-15667.53177,7229783.319262568
944,-15680.38177,7229786.579262569
1440,-15724.81177,7229865.599262568
640,-16131.56177,7229736.799262568
613,-15915.45177,7229882.769262568
351,-15364.20177,7230155.099262568
1740,-16216.72177,7229767.439262568
609,-16183.12177,7229981.659262569
1986,-16355.98177,7230014.429262568
43,-16409.40177,7229762.929262568
1820,-16345.78177,7229726.819262568
1692,-16214.01177,7229762.319262568
248,-15666.65177,7229659.779262569
2039,-16247.71177,7229754.649262568
183,-16382.28177,7230031.759262568
414,-16247.74177,7229744.499262569
608,-16131.20177,7229735.959262568
67,-16445.79177,7229767.459262568
591,-15629.54177,7229801.419262568
369,-16333.31177,7229716.989262569
199,-15382.22177,7229547.629262568
8688,-16964.62177,7229773.419262568
554,-16131.20177,7229735.929262568
1366,-15663.45177,7229824.249262569
428,-15670.74177,7229830.799262568
437,-15750.87177,7229800.959262568
2417,-16326.04177,7229695.299262568
763,-15658.38177,7229815.749262569
891,-15760.81177,7229799.019262568
68,-16320.26177,7229746.239262569
1830,-16237.66177,7229733.479262568
1462,-15680.91177,7229792.249262569
1649,-16230.84177,7229742.319262568
380,-15658.51177,7229821.739262569
688,-16300.15177,7229804.289262569
18,-15678.84177,7229809.489262569
454,-15627.83177,7229777.009262568
336,-15718.92177,7229956.369262569
1407,-15650.44177,7229822.829262569
577,-15780.39177,7229867.009262568
2002,-15635.73177,7229829.079262569
2827,-16328.40177,7229712.059262568
1917,-16241.43177,7229746.749262569
1227,-16333.43177,7229758.989262569
345,-16298.92177,7229703.559262568
266,-16180.23177,7229987.659262569
145,-15509.84177,7229700.239262569
151,-15510.51177,7229700.659262569
1996,-16360.05177,7229438.699262569
10276,-16363.09177,7229438.359262568
2898,-16366.16177,7229742.179262568
1197,-16335.46177,7229763.249262569
1517,-15722.25177,7229798.389262568
63,-15514.65177,7229704.049262568
62,-15513.04177,7229703.739262569
668,-16299.65177,7229747.269262568
1309,-16270.98177,7229761.179262568
310,-15653.45177,7230234.279262569
924,-16182.20177,7229982.109262568
75,-15508.40177,7229700.319262568
84,-15512.34177,7229705.099262568
498,-15633.15177,7229869.269262568
56,-16229.73177,7229723.429262568
1397,-15691.64177,7229807.009262568
327,-15677.31177,7230053.909262569
4931,-15826.20177,7229811.019262568
956,-15653.13177,7229812.679262568
62,-15514.29177,7229703.299262568
62,-15512.90177,7229703.429262568
79,-15512.01177,7229703.989262569
80,-15512.26177,7229705.209262568
325,-15846.91177,7229462.439262568
390,-15534.14177,7229984.559262568
79,-15509.45177,7229698.929262568
80,-15509.54177,7229698.379262568
6088,-15680.81177,7229782.459262568
29,-15740.98177,7229666.429262568
1888,-16324.64177,7229707.719262568
1415,-15660.23177,7229813.549262568
2102,-15509.79177,7229700.209262568
0,-15634.87177,7229843.659262569
629,-16247.82177,7229608.419262568
3416,-16342.56177,7229724.279262569
2575,-16456.50177,7229761.669262568
111,-16282.81177,7229723.179262568
1038,-15783.41177,7229758.729262568
112,-15509.82177,7229700.049262568
459,-15603.15177,7229360.009262568
6062,-16336.44177,7229772.959262568
2095,-16183.90177,7229789.349262568
67,-15513.18177,7229703.379262568
38345,-15784.76177,7230118.819262568
81,-16499.09177,7229852.319262568
920,-15663.42177,7230157.099262568
196,-15510.18177,7229698.379262568
523,-15905.68177,7230007.649262568
46,-15919.24177,7230011.249262569
574,-15464.83177,7230092.649262568
96,-16950.67177,7229794.679262568
7728,-16129.51177,7229772.819262568
1898,-16548.77177,7229618.099262568
1510,-15383.11177,7230188.699262569
1329,-15687.67177,7229809.209262568
313,-16140.21177,7229766.409262569
868,-15743.51177,7229803.069262568
92,-16960.98177,7229770.429262568
1036,-15747.18177,7229746.009262568
562,-15829.21177,7229676.029262569
1508,-16336.55177,7229719.009262568
27,-16337.76177,7229763.269262568
270,-15614.29177,7229910.739262569
499,-15633.08177,7229806.569262568
301,-15692.37177,7229808.909262569
498,-15680.13177,7229809.249262569
66,-16299.30177,7229746.139262568
3009,-15751.08177,7229645.549262568
86,-16473.15177,7229806.989262569
1002,-16171.01177,7229712.859262568
55,-16073.15177,7229906.679262568
2583,-15711.60177,7229671.989262569
83,-15751.83177,7229747.119262569
878,-16267.03177,7229722.299262568
355,-16607.24177,7229861.409262569
323,-16428.18177,7229703.179262568
26,-16095.87177,7229556.929262568
686,-16355.34177,7229431.159262569
53,-15636.12177,7229865.739262569
1946,-16366.91177,7229769.149262568
43,-15833.41177,7229901.929262568
85,-15963.65177,7229963.199262569
189,-15957.00177,7229973.079262569
40,-15636.42177,7229929.029262569
184,-15604.95177,7229916.949262569
880,-15633.63177,7229864.499262569
36,-16266.34177,7229721.069262568
1276,-16231.09177,7229784.169262568
103,-16959.98177,7229766.679262568
97,-16960.09177,7229766.679262568
88,-16421.77177,7229552.079262569
736,-16500.34177,7229855.379262568
39,-16152.90177,7229939.599262568
2639,-16347.28177,7229728.489262569
233,-16587.18177,7229836.779262569
930,-16375.62177,7229680.099262568
978,-15697.44177,7229896.989262569
1325,-15615.14177,7229781.099262568
382,-15463.68177,7229616.749262569
434,-15711.28177,7229778.059262568
967,-16252.26177,7229706.189262568
2127,-16270.98177,7229779.879262568
1241,-15818.56177,7229671.859262569
597,-16430.32177,7229557.789262569
158,-16428.39177,7229499.049262568
461,-15810.62177,7229795.589262568
609,-15866.22177,7229658.959262568
2619,-15725.14177,7229880.719262568
908,-16284.84177,7229703.669262568
1406,-16384.81177,7230043.379262568
213,-15636.17177,7229815.839262568
8873,-16185.38177,7229788.049262568
1482,-16232.05177,7229751.059262568
402,-16366.49177,7229440.519262568
322,-16444.38177,7230113.139262568
591,-16939.83177,7229741.089262568
1506,-15735.31177,7229736.699262569
334,-16464.33177,7230127.349262568
592,-16019.01177,7229908.489262569
77,-16018.95177,7229908.489262569
3139,-16152.35177,7229406.259262568
8,-15632.95177,7229842.789262569
13,-16299.79177,7229673.239262569
77,-16018.76177,7229908.659262569
664,-16284.23177,7229746.099262568
380,-16034.64177,7229774.559262568
623,-16213.61177,7230111.519262568
208,-16204.80177,7229700.179262568
378,-16364.26177,7230030.849262568
389,-15527.34177,7229996.489262569
1010,-16608.76177,7229278.599262568
14,-15387.69177,7229549.769262568
7756,-16236.67177,7229719.609262568
1577,-16208.04177,7229773.269262568
832,-15757.09177,7229748.189262568
1241,-15867.29177,7229658.959262568
542,-16384.53177,7230044.099262568
978,-16286.88177,7229594.959262568
188,-16017.84177,7229908.819262568
191,-16018.95177,7229907.519262568
1204,-16507.89177,7229545.629262568
1201,-16339.15177,7230367.689262568
66,-16555.77177,7230118.049262568
179,-16488.92177,7230085.359262568
446,-15933.33177,7230297.069262568
208,-16152.98177,7229716.469262568
33,-16976.53177,7229651.289262569
1770,-16006.93177,7229699.899262568
1196,-15738.42177,7229459.449262569
521,-16559.85177,7230116.689262568
302,-15810.23177,7229617.709262568
3,-16552.56177,7229943.659262569
162,-16206.20177,7229866.619262569
742,-16394.38177,7229545.089262568
2401,-16558.64177,7230116.609262568
370,-16259.73177,7229649.849262568
357,-16259.15177,7229649.819262568
662,-16602.64177,7229772.429262568
2764,-16557.48177,7230116.689262568
383,-16133.67177,7229703.449262569
171,-15696.06177,7229894.569262568
168,-15696.06177,7229894.269262568
49,-16293.68177,7229631.379262568
29,-16274.59177,7229638.929262568
182,-15696.40177,7229893.799262568
93,-16237.18177,7229653.099262568
29,-16451.45177,7229893.379262568
447,-16244.20177,7229651.159262569
185,-15696.20177,7229894.489262569
251,-16164.91177,7229709.639262568
1586,-16161.37177,7230328.679262568
209,-16559.85177,7230117.309262568
134,-16330.93177,7229682.319262568
145,-16641.81177,7229684.989262569
206,-16571.41177,7229663.709262568
58,-16673.56177,7229730.599262568
126,-16516.40177,7229664.129262568
92,-16626.98177,7229643.749262569
240,-16583.37177,7229724.239262569
54,-16613.46177,7229666.719262568
81,-16604.88177,7229727.889262568
93,-16766.35177,7229709.859262568
102,-16753.58177,7229683.409262569
331,-16558.39177,7230116.589262568
1290,-16661.74177,7229639.739262569
1215,-16557.89177,7230116.269262568
810,-15890.13177,7229755.059262568
755,-16590.74177,7230143.749262569
673,-16557.24177,7230115.799262568
898,-16556.87177,7230115.489262569
702,-16585.78177,7230133.679262568
424,-16578.81177,7230134.679262568
1406,-16476.99177,7229863.949262569
210,-16204.62177,7229865.379262568
213,-16580.62177,7230133.519262568
30,-16101.98177,7229664.459262568
4527,-16525.15177,7230222.069262568
9,-16229.82177,7229640.389262568
26,-15774.93177,7230361.019262568
284,-15831.95177,7230359.239262569
1039,-16972.71177,7229692.349262568
454,-16964.04177,7229649.849262568
49,-16510.68177,7229721.519262568
54,-16512.95177,7229711.159262569
35,-16501.87177,7229699.099262568
31,-16511.65177,7229712.019262568
439,-16288.26177,7229634.269262568
32,-16513.90177,7229711.959262568
211,-16580.65177,7230133.429262568
34,-16104.06177,7229663.599262568
13,-16765.76177,7229654.349262568
280,-16653.70177,7229704.019262568
626,-16559.08177,7230122.219262568
1070,-16143.75177,7229694.629262568
29,-15844.51177,7230275.429262568
30,-15841.48177,7230259.349262568
34,-16488.09177,7229715.569262568
26,-16488.20177,7229714.409262569
45,-15703.15177,7230241.849262568
60,-15714.68177,7230237.569262568
97,-16225.62177,7229975.479262568
407,-16522.51177,7229421.209262568
4104,-16643.20177,7229684.169262568
2690,-16647.71177,7229703.869262569
80,-16502.40177,7229679.679262568
95,-15697.48177,7230250.929262568
28,-16368.20177,7229857.859262568
164,-15794.87177,7230322.519262568
41,-15809.06177,7230324.849262568
48,-16511.29177,7229689.429262568
34,-16511.93177,7229719.929262568
1334,-16068.55177,7229600.469262568
17,-16674.68177,7229728.239262569
2430,-16563.32177,7230121.529262569
36,-16488.31177,7229716.159262569
45,-15846.54177,7230293.429262568
25,-16743.01177,7229671.619262569
32,-16367.01177,7229684.739262569
225,-16593.84177,7230150.179262568
410,-16284.15177,7229642.269262568
359,-16558.23177,7230119.449262569
219,-16589.45177,7230142.709262568
212,-16590.48177,7230142.629262568
2504,-15803.68177,7229971.619262569
24,-15803.59177,7230331.769262568
376,-16491.05177,7229839.319262568
278,-15809.04177,7230324.769262568
50,-15841.15177,7230278.319262568
24,-15855.06177,7230360.429262568
21,-15879.40177,7230356.819262568
29,-16836.26177,7229948.379262568
669,-16962.69177,7229650.419262568
76,-16723.31177,7229665.729262568
324,-15925.04177,7230321.659262569
83,-15932.48177,7230318.069262568
502,-16073.48177,7229744.249262569
39,-16345.01177,7229686.959262568
5489,-16543.85177,7229659.059262568
1364,-15751.52177,7229761.479262568
1914,-16066.01177,7230325.959262568
100,-16448.15177,7229889.269262568
43,-15705.51177,7230241.629262568
89,-15696.31177,7230248.789262569
13,-16677.62177,7229727.049262568
12,-16634.54177,7229677.569262568
55,-16446.33177,7229886.869262569
84,-16754.93177,7229852.569262568
89,-16857.18177,7229969.099262568
23,-16591.98177,7229678.659262569
25,-16791.31177,7229667.939262568
381,-15685.26177,7230263.269262568
252,-15688.06177,7230262.659262569
1366,-16193.76177,7230445.519262568
4,-16492.23177,7229680.409262569
40,-15719.43177,7230240.739262569
64,-15693.62177,7230245.489262569
320,-15927.48177,7230320.489262569
226,-15930.45177,7230318.929262568
24,-15799.48177,7230333.569262568
30,-15793.48177,7230324.519262568
24,-16371.93177,7230392.799262568
27,-16185.15177,7230365.599262568
50,-16460.92177,7229886.469262568
277,-16775.06177,7229674.349262568
485,-16495.70177,7229869.019262568
221,-16670.22177,7229646.879262568
24,-16183.79177,7230366.629262568
1228,-16372.71177,7229585.099262568
93,-16113.93177,7229652.899262568
397,-16485.65177,7229885.739262569
16,-16100.20177,7229784.459262568
8,-16838.70177,7229951.319262568
22,-16183.23177,7230366.129262568
26,-16079.01177,7230358.549262568
34,-16836.76177,7229948.519262568
65,-16950.89177,7229637.849262568
60,-16951.75177,7229640.049262568
44,-15835.54177,7230312.319262568
72,-16438.82177,7229893.609262568
18,-16089.26177,7229774.549262568
350,-16466.29177,7229657.959262568
850,-15517.73177,7230045.949262569
9,-16136.40177,7229886.489262569
323,-15922.70177,7230323.179262568
1663,-16600.19177,7229774.099262568
209,-15843.23177,7229881.659262569
322,-16955.52177,7229637.089262568
86,-16959.70177,7229640.649262568
414,-16491.61177,7229875.519262568
561,-16493.62177,7229868.709262568
14,-16443.54177,7229887.669262568
17,-16446.59177,7229885.269262568
148,-16202.37177,7229765.409262569
481,-16562.29177,7230122.209262568
202,-16511.06177,7229650.769262568
226,-15716.75177,7229858.809262568
13,-16392.18177,7229888.019262568
68,-16040.51177,7230352.739262569
71,-16040.90177,7230352.069262568
27,-16078.29177,7230359.049262568
69,-16078.15177,7230358.989262569
64,-16401.56177,7229892.659262569
95,-16660.88177,7229665.849262568
77,-16661.85177,7229665.649262568
473,-16487.01177,7229886.429262568
20,-16427.47177,7229453.759262568
16,-16387.77177,7229454.959262568
73,-15782.74177,7229801.239262569
18,-16669.57177,7229663.849262568
513,-16498.59177,7229867.819262568
60,-15788.10177,7229800.309262568
362,-16734.15177,7229639.129262568
60,-15997.41177,7229874.899262568
14,-16665.07177,7229663.449262569
19,-16667.97177,7229666.789262569
214,-16279.15177,7229644.209262568
464,-15742.15177,7229880.799262568
46,-16359.02177,7229452.019262568
50,-16498.58177,7229412.969262568
34,-16496.22177,7229427.739262569
135,-16102.56177,7229883.709262568
580,-16494.15177,7229881.409262569
83,-15990.87177,7229845.259262568
19,-16131.04177,7229860.989262569
280,-16396.53177,7229882.039262569
750,-16752.72177,7230276.889262568
30,-16400.09177,7229889.159262569
155,-16659.83177,7229472.199262569
53,-16457.62177,7229417.989262569
58,-16661.54177,7229689.799262568
13207,-16236.27177,7229645.359262568
63,-16506.41177,7229958.289262569
22,-16538.60177,7229907.029262569
230,-16128.73177,7229493.049262568
721,-16591.81177,7230333.179262568
746,-16577.95177,7229391.559262568
15,-16212.51177,7229633.209262568
62,-15951.60177,7229565.199262569
52,-16259.23177,7229472.459262568
1613,-16433.43177,7229639.139262568
249,-17124.16177,7229556.719262568
20,-15729.62177,7229895.659262569
731,-16389.02177,7229871.689262568
1082,-16670.31177,7229725.459262568
316,-15994.41177,7229874.429262568
81,-17080.84177,7229674.709262568
699,-16155.34177,7229640.069262568
81,-16000.85177,7229822.759262568
172,-15994.95177,7229873.429262568
173,-16276.36177,7229646.079262569
32,-16534.09177,7229438.099262568
59,-16461.14177,7229891.809262568
65,-16528.38177,7229913.679262568
45,-16514.04177,7230215.929262568
381,-16442.04177,7229888.989262569
13,-16506.20177,7229437.289262569
12,-16507.38177,7229440.229262568
2035,-15842.49177,7230080.509262568
23,-16205.84177,7229873.099262568
147,-16509.18177,7229440.009262568
1458,-15975.96177,7229986.089262568
42,-16520.68177,7229439.699262569
391,-16214.54177,7229652.269262568
176,-15788.24177,7229662.429262568
21,-16519.50177,7229420.719262568
1742,-16736.89177,7229757.649262568
449,-16217.70177,7229650.179262568
133,-16526.17177,7229897.589262568
21,-16268.76177,7229643.929262568
120,-16246.75177,7229651.829262569
69,-16693.80177,7229643.559262568
48206,-16649.42177,7229695.789262569
70,-15470.63177,7229551.439262568
1127,-16296.26177,7229639.379262568
1263,-16607.49177,7229769.899262568
1416,-16613.60177,7229766.889262568
1851,-16195.27177,7229694.949262569
693,-15964.30177,7229852.669262568
4594,-15871.99177,7229737.499262569
